,smiles,value,cluster,preds
0,C#CCO/N=C/c1c(N)ncnc1Oc1ccc2[nH]c(C)cc2c1F,7.275724130399211,0,7.201464300770291
1,C(#Cc1cc(-c2n[nH]c3c2Cc2ccccc2-3)cs1)COc1ccccc1,5.329661358872558,0,5.691395052690058
2,C/C(=N\O)c1ccc2[nH]c3c4c(c5c(c3c2c1)CNC5=O)-c1cn(C)nc1CC4,8.698970004336019,0,8.449579485850238
3,C/C(=N\OC(C)C)c1ccc2[nH]c3c4c(c5c(c3c2c1)CNC5=O)-c1cn(C)nc1CC4,8.34948500216801,0,8.294866649985979
4,C=CC(=O)Nc1cc2c(Nc3c(F)cc(Br)cc3F)ncnc2cc1OCCNC(=O)CN(C)C,6.570247719997592,0,6.561779140134828
5,C=CC(=O)Nc1cc2c(Nc3ccc(Br)c(Cl)c3F)ncnc2cc1OCCNC(=O)CO,6.8297382846050425,0,6.772682187505452
6,C=CC(=O)Nc1cc2c(Nc3ccc(Br)c(Cl)c3F)ncnc2cc1OCCNC(=O)NC(C)(C)C,6.372634143407268,0,6.502279988674897
7,C=CC(=O)Nc1cc2c(Nc3ccc(Br)c(Cl)c3F)ncnc2cc1OCCNC(=S)NCC,6.721246399047171,0,6.681090814319053
8,C=CC(=O)Nc1cc2c(Nc3ccc(Br)c(Cl)c3F)ncnc2cc1OCCNC(C)=O,7.244125144327507,0,7.0038372891039735
9,C=CC(=O)Nc1cc2c(Nc3ccc(Br)c(Cl)c3F)ncnc2cc1OC[C@@H](C)NC(=O)CN(C)C,6.261526248912962,0,6.375106461370257
10,C=CC(=O)Nc1cc2c(Nc3ccc(Br)c(F)c3F)ncnc2cc1OCCNC(=O)CCN(CC)CC,6.6595558851598815,0,6.629498470513659
11,C=CC(=O)Nc1cc2c(Nc3ccc(Br)cc3F)ncnc2cc1OC(C)CNC(C)=O,7.107905397309519,0,6.952643259121831
12,C=CC(=O)Nc1cc2c(Nc3ccc(Br)cc3F)ncnc2cc1OCC(CC)NC(C)=O,7.00436480540245,0,6.8503715036212265
13,C=CC(=O)Nc1cc2c(Nc3ccc(Br)cc3F)ncnc2cc1OCC1CCN(C(=O)C(F)(F)F)CC1,6.600326278518962,0,6.637219193454034
14,C=CC(=O)Nc1cc2c(Nc3ccc(Br)cc3F)ncnc2cc1OCC1CCN(C(=O)C=C)CC1,6.690369832574101,0,6.708568597722381
15,C=CC(=O)Nc1cc2c(Nc3ccc(Br)cc3F)ncnc2cc1OCC1CCN(C(=O)CS(C)(=O)=O)CC1,6.962573502059376,0,6.909525237264999
16,C=CC(=O)Nc1cc2c(Nc3ccc(Br)cc3F)ncnc2cc1OCC1CCN(C(=O)NC(C)(C)C)CC1,7.292429823902063,0,7.0440813905159
17,C=CC(=O)Nc1cc2c(Nc3ccc(Br)cc3F)ncnc2cc1OCC1CCN(C(C)=O)CC1,6.8794260687941495,0,6.776773290708203
18,C=CC(=O)Nc1cc2c(Nc3ccc(Br)cc3F)ncnc2cc1OCCCNC(=O)CN(C)C,6.458420756053419,0,6.452452085858212
19,C=CC(=O)Nc1cc2c(Nc3ccc(Br)cc3F)ncnc2cc1OCCNC(=O)C(=O)O,7.070581074285707,0,6.926755051883141
20,C=CC(=O)Nc1cc2c(Nc3ccc(Br)cc3F)ncnc2cc1OCCNC(=O)C(F)(F)F,6.300162274132754,0,6.48739489853119
21,C=CC(=O)Nc1cc2c(Nc3ccc(Br)cc3F)ncnc2cc1OCCNC(=O)C1CCCN1,6.18111458540599,0,6.319099021845292
22,C=CC(=O)Nc1cc2c(Nc3ccc(Br)cc3F)ncnc2cc1OCCNC(=O)C1CCCN1C,6.008381767580404,0,6.208712758640228
23,C=CC(=O)Nc1cc2c(Nc3ccc(Br)cc3F)ncnc2cc1OCCNC(=O)CCN,6.1249387366083,0,6.408261994852844
24,C=CC(=O)Nc1cc2c(Nc3ccc(Br)cc3F)ncnc2cc1OCCNC(=O)CCN(C)C,6.449771646944906,0,6.454758908254886
25,C=CC(=O)Nc1cc2c(Nc3ccc(Br)cc3F)ncnc2cc1OCCNC(=O)CCN(CC)CC,6.701146923590294,0,6.613648996118777
26,C=CC(=O)Nc1cc2c(Nc3ccc(Br)cc3F)ncnc2cc1OCCNC(=O)CN(C)CC,6.183758700008217,0,6.299651007497647
27,C=CC(=O)Nc1cc2c(Nc3ccc(Br)cc3F)ncnc2cc1OCCNC(=O)CN1CCC1,6.021363051615525,0,6.1718809186650025
28,C=CC(=O)Nc1cc2c(Nc3ccc(Br)cc3F)ncnc2cc1OCCNC(=O)CN1CCCCC1,6.066512712151295,0,6.246985978001468
29,C=CC(=O)Nc1cc2c(Nc3ccc(Br)cc3F)ncnc2cc1OCCNC(=O)NC(C)CC,6.488116639021126,0,6.510195845157978
30,C=CC(=O)Nc1cc2c(Nc3ccc(Br)cc3F)ncnc2cc1OC[C@@H](C)NC(C)=O,6.798602875679549,0,6.835462135550296
31,C=CC(=O)Nc1ccc(-c2ccc(NC(=O)Nc3ccc(F)cc3)cc2)cn1,8.047207556955907,0,7.290469042923676
32,C=CCN1CCN(C(=S)SCC(=O)Nc2cccc(NC(=O)c3ccccn3)c2)CC1,6.542118103266008,0,6.650540307083593
33,C=CCNC(=O)NCCOc1cc2ncnc(Nc3ccc(Br)cc3F)c2cc1NC(=O)C=C,6.806875401645538,0,6.717125577276886
34,C=CCn1c2ccc(C3CCCCO3)cc2c2c3c(c4c(c21)CCc1nn(C)cc1-4)C(=O)NC3,7.721246399047171,0,7.776885754973162
35,C=S(C)(=O)NC(=O)c1c[nH]c(-c2cc(Oc3ccc(NC(=O)Nc4cccc(C)c4)cc3)ccn2)c1,7.721246399047171,0,7.502958654617553
36,CC(=O)N1CCN([C@H]2C[C@@H](n3cc(-c4cc(O)ccc4F)c4c(N)ncnc43)C2)CC1,5.060430831344098,0,5.720660345391102
37,CC(=O)N1CCN(c2nccc(Nc3ncc(C#N)s3)n2)CC1,6.8124792791635365,0,6.965571009152868
38,CC(=O)c1ccc(Nc2ccnc(SCC(=O)c3ccc(Br)cc3)n2)cc1,6.021819483062586,0,6.239194129621018
39,CC(=O)c1s/c(=N\N=C2/C(=O)N(Cc3ccccc3)c3ccc(Cl)cc32)[nH]c1C,7.070581074285707,0,6.9172097747608685
40,CC(C)(C)c1cc(NC(=O)NCc2ccc(-c3cc(NC(=O)c4ccc(OCCN5CCOCC5)cc4)[nH]n3)cc2)no1,7.537602002101044,0,7.356919876300762
41,CC(C)(C)c1cc(NC(=O)Nc2ccc(Nc3ncnc4c3OCCCN4)cc2)no1,6.049148541111453,0,6.388845772724225
42,CC(C)(C)c1ccc(NC(=O)c2scnc2CCc2ccnc3ccccc23)cc1,5.600153287287077,0,5.974669515379012
43,CC(C)(C)c1ccc(NC(=O)c2scnc2CCc2cnoc2)cc1,5.812939313260994,0,6.015780765902251
44,CC(C)(C)c1ccc(Nc2nnc(-c3cccc4cnccc34)c3ccccc23)cc1,7.119186407719209,0,6.849345252897095
45,CC(C)(C)c1cccc(Nc2nnc(-c3ccc(C(N)=O)cc3)c3ccccc23)c1,6.326979092871104,0,6.359978230117676
46,CC(C)(C)c1nc(Nc2ccc(CCO)cc2)ncc1C#N,5.7956086680807,0,6.109619120344214
47,CC(C)(N)c1ccc(-c2nc(Nc3ccc(OCCN4CCOCC4)cc3)ncc2C#N)cc1,6.345823458122039,0,6.466840656413132
48,CC(C)(Nc1nc(O)nc(Nc2ccc3[nH]cnc3c2)n1)c1ccccc1,6.617982957425132,0,6.510802890826861
49,CC(C)Cn1c2ccc(Nc3ncccn3)cc2c2c3c(c4c(c21)CCc1c-4cnn1C)C(=O)NC3,7.1938200260161125,0,7.383143984663981
50,CC(C)c1ccc(NC(=O)c2scnc2CCc2ccncc2)cc1,6.883997758514085,0,6.685945448493031
51,CC(C)c1ccc(Nc2nnc(-c3cccnc3CCc3ccncc3)o2)cc1,7.201591532042205,0,6.872624098206294
52,CC1(C)C(=O)N([C@H]2CCc3c(O)cccc32)c2nc(Nc3ccccc3)ncc21,5.839831707041488,0,6.2098042135493134
53,CC1(C)CNc2cc(NC(=O)c3cccnc3NCc3ccncc3)ccc21,8.397940008672037,0,7.68373999627386
54,CC1(c2cc(NC(=O)c3ccn4cc(Oc5ncnc6c5CNC6)ccc34)n[nH]2)CC1,7.2679043146795,0,7.163976369335324
55,CC1=CCC[C@@H]2[C@@]1(C)CC[C@H](C)[C@@]2(C)CC1=C(O)C(=O)C=C(NCCC(C)C)C1=O,5.6534514414515264,0,5.90882052680635
56,CCCCN(C)C(=O)c1cc2c(-c3ccccc3)[nH]nc2s1,6.454692883534176,0,6.507097745966995
57,CCCCc1cc(NC(=O)Nc2ccc(-c3cnc(Nc4cc(N5CCN(C)CC5)nc(C)n4)s3)cc2)no1,7.251811972993799,0,7.168809560366329
58,CCCCn1c2ccc(/C(C)=N/OC)cc2c2c3c(c4c(c21)CCc1nn(C)cc1-4)C(=O)NC3,7.886056647693163,0,7.982407018216738
59,CCCN1C(=O)/C(=N\c2ccc(NC(=O)Nc3ccc(S(N)(=O)=O)cc3)cc2)c2cc(Cl)ccc21,6.414979428136126,0,6.516555639153729
60,CCCNC(=O)c1ccc(Nc2nc(NCC(F)(F)F)c3cc[nH]c3n2)cc1,6.052076380168273,0,6.350684612228664
61,CCCO/N=C/c1c(N)ncnc1Oc1ccc2[nH]c(C)cc2c1F,7.356547323513812,0,7.242221149607304
62,CCCS(=O)(=O)N[C@H]1C[C@@H](N(C)c2ncnc3[nH]ccc23)C1,5.920456992597094,0,6.224478012102408
63,CCCn1c(C)c(Cl)c2cc(Nc3nccc(-n4cc(CN5CC(O)C5)c(C)n4)n3)ccc21,6.3124710387853655,0,6.415635890296592
64,CCCn1c2ccc(NC(=O)Nc3cc(C(F)(F)F)ccc3F)cc2c2c3c(c4c(c21)CCc1nn(C)cc1-4)C(=O)NC3,6.795880017344075,0,7.0662358329080375
65,CCCn1c2ccc(NC(=O)Nc3cc(C)ccc3F)cc2c2c3c(c4c(c21)CCc1nn(C)cc1-4)C(=O)NC3,7.522878745280337,0,7.539467792657379
66,CCCn1c2ccc(NC(=O)Nc3ccc(C)cc3)cc2c2c3c(c4c(c21)CC(C=N)=CC4)C(=O)NC3,8.045757490560675,0,7.823175683392792
67,CCCn1c2ccc(NC(=O)Nc3ccc(F)cc3)cc2c2c3c(c4c(c21)CCc1nn(C)cc1-4)C(=O)NC3,7.886056647693163,0,7.784509477023504
68,CCCn1c2ccc(NC(=O)Nc3ccc(SC)cc3)cc2c2c3c(c4c(c21)CCc1nn(C)cc1-4)C(=O)NC3,7.823908740944319,0,7.679780638500831
69,CCCn1c2ccc(NC(=O)Oc3ccc(OC)cc3)cc2c2c3c(c4c(c21)CCc1nn(C)cc1-4)C(=O)NC3,7.886056647693163,0,7.731114739864702
70,CCCn1c2ccc(NC(=O)c3ccco3)cc2c2c3c(c4c(c21)CCc1nn(C)cc1-4)C(=O)NC3,8.397940008672037,0,8.167427002382817
71,CCN(CC)CCCCNc1cc2nc(N)c(-c3c(Cl)cccc3Cl)cc2cn1,5.920456992597094,0,6.127330630453317
72,CCN(CC)CCOC(=O)c1ccc(OC)c(NC(=O)Nc2cc(-c3ccc4[nH]ccc4c3)ccc2OC(F)(F)F)c1,6.79317412396815,0,6.8775983354562475
73,CCN(CC)CCOc1ccc(-n2c3c(c4ccc(O)cc4c2=O)C(=O)c2cc(O)ccc2-3)cc1,6.91721462968355,0,6.83837902261296
74,CCN(CC)CCOc1ccc(-n2c3c(c4ccc(OC)cc4c2=O)C(=O)c2cc(OC)ccc2-3)cc1,5.986741334716483,0,6.268005015353392
75,CCN(CC)CCOc1ccc(NC(=O)c2cccc(-c3cccc(O)c3)c2)cc1Cl,6.797348240242662,0,6.837822673929024
76,CCN(CC)CCOc1ccc(NC(=O)c2cccc(-c3cccc(O)c3)c2)cc1F,8.011441043121385,0,7.570205510474621
77,CCN(c1ccc2ncc(-c3cnn(C)c3)nc2c1)c1cc(OC)cc(OC)c1Cl,7.301203748209569,0,6.896133681366251
78,CCN1CCN(Cc2ccc(NC(=O)Nc3ccc(-c4ccc(NC)nc4)cc3)cc2C(F)(F)F)CC1,8.161150909262744,0,7.569169943675405
79,CCN=C(S)NNc1nncc2ccccc12,8.080921907623926,0,7.612858489608149
80,CCNC(=O)Nc1ncc(-c2cnc3cc(Cl)ccn23)s1,5.823619307756729,0,6.123233839350318
81,CCNC(=O)[C@H](CCC(=O)OC(C)(C)C)NC(=O)c1c[nH]c(-c2cc(Oc3ccc(NC(=O)Nc4cccc(C)c4)c(F)c3)ccn2)c1,7.602059991327962,0,7.512077480186964
82,CCNC(=O)c1cccc2cc(Oc3ccnc(Nc4cccc(CS(C)(=O)=O)c4)n3)ccc12,8.086186147616283,0,7.720331057852357
83,CCO/N=C(\C)c1ccc2c(c1)c1c3c(c4c(c1n2CC(C)C)CCc1nn(C)cc1-4)C(=O)NC3,8.301029995663981,0,8.143354034688544
84,CCOC(=O)/C(=N/Nc1ccc(Br)cc1)S/C(N)=N\N=C1/C(=O)N(Cc2ccccc2)c2ccc(Cl)cc21,6.872895201635192,0,6.793956483261476
85,CCOC(=O)CCCNC(=O)c1c[nH]c(-c2cc(Oc3ccc(NC(=O)Nc4cc(C)ccc4F)c(F)c3)ccn2)c1,7.494850021680094,0,7.454891328214412
86,CCOC(=O)N=S(C)(=O)c1ccc(Nc2ncc(Br)c(O[C@H](C)[C@H](C)O)n2)cc1,6.954677021213342,0,6.814871760253692
87,CCOC(=O)c1ccc(Nc2ccnc(SCC(=O)c3ccc(-c4ccccc4)cc3)n2)cc1,6.467245621007502,0,6.4266839307138754
88,CCOC(=O)c1ccc(Nc2ccnc(SCC(=O)c3ccc(C#N)cc3)n2)cc1,6.767003889607846,0,6.670930175499175
89,CCOC(=O)c1ccc(Nc2ccnc(SCC(=O)c3ccc(C(F)(F)F)cc3)n2)cc1,5.707522406332216,0,6.049588404729993
90,CCOC(=O)c1ccc(Nc2ccnc(SCC(=O)c3ccc([N+](=O)[O-])cc3)n2)cc1,6.386158178123931,0,6.540881026626173
91,CCOC(=O)c1cn2ncnc(Nc3cc(C(=O)NOC(C)C)c(F)cc3F)c2c1C(C)C,6.454692883534176,0,6.631397986443569
92,CCOC(=O)c1cn2ncnc(Nc3cc(C(=O)NOCC4CC4)c(F)cc3F)c2c1C(C)C,6.718966632752272,0,6.804379593550869
93,CCOC(=O)c1cn2ncnc(Oc3ccc4[nH]ccc4c3)c2c1CC,6.507239610973162,0,6.662262173697834
94,CCOC(=O)c1cn2ncnc(Oc3cccc(C(=O)NOC)c3)c2c1C(C)C,6.567030709125595,0,6.672783265004454
95,CCOC(=O)c1s/c(=N\N=C2/C(=O)N(Cc3ccccc3)c3ccc(Cl)cc32)[nH]c1C,7.031517051446065,0,6.92158551674431
96,CCOCc1cc(OC)cc(N(CC2CC2)c2ccc3ncc(-c4cnn(C)c4)nc3c2)c1,6.209292712672321,0,6.355331745335293
97,CCOc1cc(=O)[nH]cc1-c1ccc(CC(=O)Nc2cc(-c3nnc(C)o3)cc(C(F)(F)F)c2)c(F)c1,6.663940722133651,0,6.822894417126357
98,CCOc1cc2ncnc(NC3=CC(=O)C(OCc4cccc(C)c4)=CC3=O)c2cc1NC(=O)/C=C/CN(C)C,6.466988272913703,0,6.594684877555196
99,CCOc1cc2ncnc(NC3=CC(=O)C(OCc4cccc(Cl)c4)=CC3=O)c2cc1NC(=O)/C=C/CN(C)C,6.917827141680808,0,6.827183277338848
100,CCOc1cc2ncnc(NC3=CC(=O)C(OCc4ccccn4)=CC3=O)c2cc1NC(=O)/C=C/CN(C)C,6.4310698589235695,0,6.5493980725862455
101,CCOc1cccc2c1c(/C=C1\C(=O)NN=C1c1snnc1C)cn2C,7.420366834453253,0,7.371627752811875
102,CCOc1ccnc(C#CCN(c2cc(OC)cc(OC)c2)c2ccc3ncc(-c4cnn(C)c4)nc3c2)n1,5.119942420632569,0,5.4359305928493535
103,CCS(=N)(=O)c1ccc(Nc2ncc(Br)c(N[C@H](C)C(C)(C)O)n2)cc1,7.1259059864969,0,7.002387987676608
104,CCS(=N)(=O)c1ccc(Nc2ncc(Br)c(N[C@H](COC)[C@H](C)O)n2)cc1,6.567030709125595,0,6.675679193672875
105,CCS(=O)(=O)c1ccc(OC)c(Nc2cn(-c3ccc(O)c(-c4ccccn4)c3)nn2)c1,5.157328366239211,0,5.730296124737374
106,CCc1cc(NC(=O)Nc2ccc(-c3cnc(Nc4cc(N5CCC(N)C5)nc(C)n4)s3)cc2)no1,8.096910013008056,0,7.610269273206358
107,CCc1cc(Nc2nc(NCc3ccccn3)ncc2Br)n[nH]1,6.299131939548342,0,6.304349647776018
108,CCc1ccc(-c2cc(C(=O)Nc3ccc(Oc4ccnc(C(=O)NC)c4)c(F)c3)ncn2)cc1,5.920456992597094,0,6.3080759437636384
109,CCc1cnc(Nc2ccc3c(c2)c2c4c(c5c(c2n3CC(C)C)CCc2nn(C)cc2-5)C(=O)NC4)nc1,7.823908740944319,0,7.709303162323748
110,CCc1nnc(-c2cn3ncnc(Nc4cc(C(=O)NOC)c(F)cc4F)c3c2C(C)C)o1,7.744727494896693,0,7.489507280031125
111,CCn1c2ccc(/C(C)=N/OCC(C)C)cc2c2c3c(c4c(c21)CCc1nn(C)cc1-4)C(=O)NC3,8.0,0,8.025857159996631
112,CCn1ccnc1CN(c1cc(OC)cc(OC)c1)c1ccc2ncc(-c3cnn(C)c3)nc2c1,6.518557371497695,0,6.418261118866846
113,CN(C)C(=O)N1CCN(Cc2ccnc(Nc3ncc(C#N)s3)c2)CC1,7.537602002101044,0,7.432482023773103
114,CN(C)CC(=O)N(C)c1ccc2[nH]c(-c3c(N)c4ccccc4[nH]c3=O)nc2c1,7.522878745280337,0,7.21539915221734
115,CN(C)CC(=O)N1CCC(c2nc(-c3cnc(N)c(-n4nnc5ccccc54)n3)nn2C)CC1,5.920456992597094,0,6.306405311861847
116,CN(C)CCCn1cc(-c2cncc(-c3ccsc3)c2)c2ccccc21,7.187086643357144,0,7.00653942640652
117,CN(C)CCOc1ccc(-n2c3c(c4ccc(O)cc4c2=O)C(=O)c2cc(O)ccc2-3)cc1,6.480172006224281,0,6.602398668806704
118,CN(C)c1ccc(C2CC(c3c(O)c4ccccc4oc3=O)=NN2c2nc(-c3ccccc3)c(/N=N/c3ccc(Cl)cc3)s2)cc1,5.266722466067418,0,5.748705156422511
119,CN(C[C@@H]1COCCO1)S(=O)(=O)Nc1ccc2ccc3ncc(-c4cnn(C)c4)cc3c(=O)c2c1,7.346787486224656,0,7.218371184212183
120,CN(Cc1ccccc1)c1nc(O)nc(Nc2ccc3scnc3c2)n1,6.05655140376905,0,6.229607614536166
121,CN1C(=O)/C(=N\c2ccc(NC(=O)Nc3ccc(S(N)(=O)=O)cc3)cc2)c2cc(Cl)ccc21,6.582295859540072,0,6.524272731905778
122,CN1C/C(=C\c2ccccn2)C(=O)/C(=C/c2ccccn2)C1,5.885722703438414,0,6.119144596189134
123,CN1CCN(C(=O)c2ccc3c(c2)C(=C(c2ccccc2)c2nc4ccccc4[nH]2)C(=O)N3)CC1,5.743522793758324,0,6.199102293986549
124,CN1CCN(C2CCN(C(=O)Nc3cc(Oc4ccc(NC(=O)C5(C(=O)Nc6ccc(F)cc6)CC5)c(F)c4)ccn3)CC2)CC1,7.769551078621726,0,7.562123434768474
125,CN1CCN(Cc2ccc(C(=O)Nc3cc(-c4ccc(CNC(=O)Nc5ccccc5)cc4)n[nH]3)cc2)CC1,7.080921907623926,0,7.012234003452024
126,CN1CCN(Cc2ccc3[nH]c(-c4[nH]nc5ccccc45)nc3c2)CC1,6.583359492661719,0,6.72012949033824
127,CN1CCN(c2cc(Nc3ncc(C#N)s3)ncn2)CC1,7.789198036565084,0,7.569070583542011
128,CN1CCN(c2ccc(C(=O)Nc3cc(-c4ccc(CNC(=O)Oc5ccccc5)cc4)n[nH]3)cc2)CC1,7.031517051446065,0,7.011326648316032
129,CN1CCN(c2ccc(C(=O)Nc3cc(-c4ccc(NC(=O)OCc5ccccc5)cc4)n[nH]3)cc2)CC1,7.309803919971486,0,7.100042712990161
130,CNC(=O)N1CCN(Cc2ccnc(Nc3ncc(C#N)s3)c2C)CC1,7.769551078621726,0,7.567827141638016
131,CNC(=O)N1CCOc2cc(Oc3ccnc4cc(OC)c(OC)cc34)ccc21,7.3892334052267294,0,7.205329693656037
132,CNC(=O)c1cc(OC)cc(N(CC(O)CO)c2ccc3ncc(-c4cnn(C)c4)nc3c2)c1,7.252199909135631,0,7.166191895397247
133,CNC(=O)c1cc(OC)cc(N(CCCN2CCCC2)c2ccc3ncc(-c4cnn(CCO)c4)nc3c2)c1,7.163612580673589,0,7.097210516617739
134,CNC(=O)c1cc(Oc2ccc(NC(=O)Nc3cc(C(F)(F)F)ccc3-n3ccnn3)cc2)cc[n+]1[O-],7.301029995663981,0,7.132909596717372
135,CNC(=O)c1cc(Oc2ccc3[nH]c(Nc4ccc(C(F)(F)C(F)(F)F)c(OC[C@H]5CCCN5C)c4)nc3c2)ccn1,7.026872146400302,0,7.062767323804249
136,CNC(=O)c1ccc(-c2nnc(Nc3ccc(C(C)(C)C)cc3)c3ccccc23)cc1,6.882728704344236,0,6.758483543826666
137,CNC(=O)c1ccc(Sc2ccc(NC(=S)Nc3ccc(F)c(C(F)(F)F)c3)cc2)nc1,7.1249387366083,0,6.9068970870943165
138,CNC(=O)c1nccc(Oc2ccc(NC(=O)Nc3nc4ccccc4s3)cc2)n1,7.431798275933005,0,7.152140564877491
139,CNCCN(c1cc(OC)cc(OC)c1)c1ccc2ncc(-c3cnn(C)c3)nc2c1,7.1439360466669,0,6.800872009874305
140,CNCCOc1cc(OC)cc(N(CC2CC2)c2ccc3ncc(-c4cnn(C)c4)nc3c2)c1,5.959603385408194,0,6.3117161975464695
141,CN[C@@H]1CC2O[C@@](C)([C@@H]1OC)n1c3ccccc3c3c4c(c5c6ccccc6n2c5c31)C(=O)NC4,6.935542010773082,0,7.059887970282985
142,CN[C@H]1CCCN(c2ccc(C(F)(F)F)cc2NC(=O)c2cc(C#Cc3cnc(N)nc3)ccc2F)C1,5.995248844408999,0,6.406930169426787
143,CNc1cc(-c2cccnc2Oc2cc(NC(=O)c3cccc(OC(F)(F)C(F)F)c3)ccc2C)ccn1,6.025028005701931,0,6.376541471233336
144,CNc1cccnc1C#CCN(c1cc(OC)cc(OC)c1)c1ccc2ncc(-c3cnn(C)c3)nc2c1,5.109944120879258,0,5.458185166457425
145,CNc1ncc2c(-c3ccc(N4CCN(C)CC4)nc3)nn(Cc3cn(Cc4ccccc4)nn3)c2n1,5.119129267467576,0,5.708501513966235
146,CNc1ncc2cc(-c3cc(NC(=O)NCCC(C)(C)C)c(F)cc3C)c(C)nc2n1,5.408824049688208,0,5.907832981854711
147,CO/N=C(/c1ccc2[nH]c3c4c(c5c(c3c2c1)CNC5=O)-c1cn(C)nc1CC4)C(C)C,8.301029995663981,0,8.261855770605246
148,CO/N=C(\C)c1ccc2[nH]c3c4c(c5c(c3c2c1)CNC5=O)-c1cn(C)nc1CC4,8.698970004336019,0,8.48466049645413
149,CO/N=C/c1c(N)ncnc1Oc1ccc2c(ccn2C)c1,5.924453038607469,0,6.181094827135973
150,CO/N=C/c1c(N)ncnc1Oc1ccc2cccnc2c1,5.798876102792621,0,6.027199497963125
151,CO/N=C/c1c(N)ncnc1Oc1ccc2ncccc2c1,6.154281982033341,0,6.118156375220188
152,COC(=O)/C=C(/C)N/C=C/C(=O)c1ccc(NC(=S)Nc2ccc(S(=O)(=O)Nc3ccccn3)cc2)cc1,7.236572006437063,0,6.976329478065615
153,COC(=O)CCC=S(C)(=O)NC(=O)c1c[nH]c(-c2cc(Oc3ccc(NC(=O)Nc4cc(C)ccc4F)cc3)ccn2)c1,7.853871964321762,0,7.699484241338962
154,COC(=O)CC[C@H](NC(=O)c1c[nH]c(-c2cc(Oc3ccc(NC(=O)Nc4cc(C)ccc4F)cc3)ccn2)c1)C(=O)OC,7.397940008672037,0,7.392683658183334
155,COC(=O)CNC(=O)c1c[nH]c(-c2cc(Oc3cccc(NC(=O)c4occc4C)c3)ccn2)c1,7.522878745280337,0,7.478730861105066
156,COC(=O)CNC(=O)c1cc(-c2cc(Oc3ccc(NC(=O)Nc4cc(C)ccc4F)cc3)ccn2)cs1,7.920818753952375,0,7.685103393870525
157,COC(=O)NC12CCC(n3cc(-c4cc(N)c(Cl)cc4F)c4c(N)ncnc43)(CC1)CC2,6.096367483915762,0,6.274575896322303
158,COC(=O)Nc1nc2cc(Oc3ccc(NC(=O)Nc4ccccc4)cc3)ccc2[nH]1,7.481486060122112,0,6.992232063855421
159,COC(=O)[C@H](CCC(=O)OCC(O)CO)NC(=O)c1c[nH]c(-c2cc(Oc3ccc(NC(=O)Nc4cc(C)ccc4F)cc3)ccn2)c1,7.337242168318426,0,7.355997308394858
160,COC(=O)[C@]1(O)C[C@@H]2O[C@@]1(C)n1c3ccccc3c3c4c(c5c6ccccc6n2c5c31)C(=O)NC4,7.356547323513812,0,7.286341197136379
161,COC(=O)c1c[nH]c(-c2cc(Nc3cccc(NC(=O)c4occc4C)c3)ccn2)c1,6.294992040666664,0,6.4850363952439585
162,COC(=O)c1c[nH]c(-c2cc(Oc3ccc(F)c(NC(=O)c4occc4C)c3)ccn2)c1,7.251811972993799,0,7.221198943324861
163,COC(=O)c1cc(-c2cc(Oc3cccc(NC(=O)Nc4cc(C)ccc4F)c3)ccn2)c[nH]1,7.638272163982407,0,7.440910905230409
164,COC(=O)c1cccc2c1c(/C=C1\C(=O)NN=C1c1cnns1)cn2C,7.638272163982407,0,7.501964382133708
165,COC(=O)c1cn2ncnc(Nc3ccc(Br)c(O)c3)c2c1C,7.468521082957745,0,7.258972241812494
166,COC(=O)c1cn2ncnc(Nc3ccc(C(F)(F)F)c(O)c3)c2c1C,6.430626090384954,0,6.63555102073635
167,COC(=O)c1cn2ncnc(Nc3ccc(C)c(O)c3)c2c1C,7.958607314841775,0,7.604371153039086
168,COC(=O)c1cn2ncnc(Oc3ccc4[nH]c(C)cc4c3)c2c1C,7.102372908709558,0,7.068983854787454
169,COC1CCN(c2nccc(Nc3cc4c(ccn4C(C)C)cn3)n2)CC1,5.700928739972591,0,6.130869516130315
170,COCCN1CCN(c2cc(Nc3ncc(C#N)s3)ncn2)CC1,7.8191360819912035,0,7.640725611421283
171,COCCOc1cc2c(Oc3ccc(Nc4nccc5[nH]cc(-c6ccc(F)cc6)c(=O)c45)cc3F)ncnc2cc1OC,7.007446482167865,0,6.971026305501397
172,COCCOc1ccn2c(-c3ccc4cccc(OC5CCNCC5)c4n3)cnc2c1,7.397940008672037,0,7.13815143849955
173,COCCOc1ccn2c(-c3ccc4cccc(O[C@@H]5CCNC[C@@H]5F)c4n3)cnc2c1,7.537602002101044,0,7.542251238225817
174,COCCOc1ccn2c(-c3ccc4cccc(O[C@@H]5CCNC[C@@H]5O)c4n3)cnc2c1,7.167491087293763,0,7.099968802961556
175,COCCOc1ccn2c(-c3ccc4cccc(O[C@@H]5CNC[C@H]5OC)c4n3)cnc2c1,6.3223930472795065,0,6.648141913042394
176,COCCOc1ccn2c(-c3ccc4cccc(O[C@H]5CCNC[C@@H]5F)c4n3)cnc2c1,7.769551078621726,0,7.542251238225817
177,COC[C@@H]1C[C@@H](O)CN1Cc1cn(-c2ccnc(Nc3ccc4c(c3)c(Cl)c(C)n4C)n2)nc1C,5.077118908791706,0,5.764849856686499
178,CONC(=O)c1cc(Nc2ncnn3cc(-c4nnc(CC(F)(F)F)o4)c(C(C)C)c23)c(F)cc1F,7.522878745280337,0,7.348062540553186
179,CONC(=O)c1cc(Nc2ncnn3cc(NC(=O)OCC4CCCO4)c(C(C)C)c23)c(F)cc1F,6.898089348741725,0,6.952869448975626
180,CONC(=O)c1cccc(CSc2cnc(Nc3ccccn3)s2)c1,7.1249387366083,0,6.92780619113404
181,CO[C@@H]1CN(Cc2cn(-c3ccnc(Nc4ccc5c(c4)c(Cl)c(C)n5C)n3)nc2C)C[C@@H]1O,6.135488918941608,0,6.2389351978821335
182,COc1cc(-c2nc(-c3c[nH]c4ccc(O)cc34)c[nH]c2=O)cc(OC)c1OC,5.999565922520681,0,6.130079896325502
183,COc1cc(-c2nc(-c3c[nH]c4ccccc34)c[nH]c2=O)cc(OC)c1OC,5.638083381331357,0,5.866573126390424
184,COc1cc(C2=C(c3c[nH]c4ccccc34)C(O)NC2=O)cc(OC)c1OC,5.229074385361001,0,5.940639950595735
185,COc1cc(C2=C(c3c[nH]c4ccccc34)CNC2=O)cc(OC)c1OC,7.494850021680094,0,6.9483332004031215
186,COc1cc(C2=C(c3cn(COc4ccccc4)c4ccccc34)CNC2=O)cc(OC)c1OC,5.823619307756729,0,6.197431317712426
187,COc1cc(CC(=O)Nc2ccc3[nH]c(-c4ccc(Cl)cc4)nc3c2)cc(OC)c1OC,6.37706103078851,0,6.402623005982744
188,COc1cc(CCc2cc(NC(=O)c3ccc(N4C[C@H](C)N[C@H](C)C4)cc3)n[nH]2)cc(OC)c1,7.515700160653214,0,7.243068189783824
189,COc1cc(CCc2cc(Nc3ccnc(NCc4cc(C)on4)n3)n[nH]2)cc(OC)c1,6.8965726026172325,0,6.873832744003253
190,COc1cc(CO)cc(N(CCCN2CCCC2)c2ccc3ncc(-c4cnn(C)c4)nc3c2)c1,5.849467347598994,0,6.236294699973188
191,COc1cc(Cl)cc(N(CC2CC2)c2ccc3ncc(-c4cnn(C)c4)nc3c2)c1,6.139398501553577,0,6.323028406097493
192,COc1cc(F)c(CC(=O)Nc2ccc(-n3c4c(c5ncnc(N)c53)CCC4)cc2)c(F)c1,7.958607314841775,0,7.586698245019679
193,COc1cc(NC(=O)Nc2ccncc2)cc(-c2cncnc2)c1OC,6.307241181845276,0,6.326079554188744
194,COc1cc(Nc2ncc(CCc3c(F)c(OC)cc(OC)c3F)cn2)ccc1N1CCC(N2CCN(C)CC2)CC1,7.455931955649724,0,7.266572668061159
195,COc1cc(Nc2ncc3c(n2)-c2ccc(Cl)cc2SC3)cc(OC)c1OC,5.7956086680807,0,6.036458408652188
196,COc1cc(Nc2nccc(-n3ncc4cc([N+](=O)[O-])ccc43)n2)cc(OC)c1OC,6.1605219526258015,0,6.349171670773202
197,COc1cc(O)c2c(c1)-c1cccc(c1)[C@@H](O)[C@H](O)C(=O)C/C=C/[C@H](C)OC2=O,7.823908740944319,0,7.332026403745405
198,COc1cc(OC)c(F)c(N(CCNC(C)C)c2ccc3ncc(-c4cnn(C)c4)nc3c2)c1F,7.664131794239588,0,7.2359846579582765
199,COc1cc(OC)cc(N(CC#CC2(O)CCNCC2)c2ccc3ncc(-c4cnn(C)c4)nc3c2)c1,7.005594853310834,0,6.807063608527977
200,COc1cc(OC)cc(N(CC#CC2(O)CCOCC2)c2ccc3ncc(-c4cnn(C)c4)nc3c2)c1,6.059503437289592,0,6.267273294314308
201,COc1cc(OC)cc(N(CC#Cc2cc(C#N)ccn2)c2ccc3ncc(-c4cnn(C)c4)nc3c2)c1,5.779737581707177,0,5.8859263808157305
202,COc1cc(OC)cc(N(CC#Cc2cc(C(N)=O)ccn2)c2ccc3ncc(-c4cnn(C)c4)nc3c2)c1,6.0994526355672,0,6.139399564804898
203,COc1cc(OC)cc(N(CC#Cc2cc(N)ccn2)c2ccc3ncc(-c4cnn(C)c4)nc3c2)c1,5.679791379441756,0,5.84341183748367
204,COc1cc(OC)cc(N(CC#Cc2cc(OC)ncn2)c2ccc3ncc(-c4cnn(C)c4)nc3c2)c1,5.394892388598967,0,5.513139439250225
205,COc1cc(OC)cc(N(CC#Cc2cccc(C#N)n2)c2ccc3ncc(-c4cnn(C)c4)nc3c2)c1,6.518557371497695,0,6.24268649802263
206,COc1cc(OC)cc(N(CC#Cc2cccnc2)c2ccc3ncc(-c4cnn(C)c4)nc3c2)c1,6.059503437289592,0,6.018010125002414
207,COc1cc(OC)cc(N(CC#Cc2cnc(N)cn2)c2ccc3ncc(-c4cnn(C)c4)nc3c2)c1,6.4188585010079615,0,6.22143711237327
208,COc1cc(OC)cc(N(CC#Cc2nccnc2Cl)c2ccc3ncc(-c4cnn(C)c4)nc3c2)c1,5.499862364494992,0,5.672383686908912
209,COc1cc(OC)cc(N(CC(C)C)c2ccc3ncc(-c4cnn(C)c4)nc3c2)c1,5.959603385408194,0,6.211708099607078
210,COc1cc(OC)cc(N(CC2(CNC(C)C)COC2)c2ccc3ncc(-c4cnn(C)c4)nc3c2)c1,6.229265779104958,0,6.37578088747743
211,COc1cc(OC)cc(N(CC2CC2)c2ccc3ncc(-c4cnn(CCCN)c4)nc3c2)c1,7.173471693659349,0,6.9263369395478644
212,COc1cc(OC)cc(N(CC2CC2)c2ccc3ncc(-c4cnn(CCO)c4)nc3c2)c1,6.916389894837689,0,6.767517398658127
213,COc1cc(OC)cc(N(CC2CCNCC2)c2ccc3ncc(-c4cnn(C)c4)nc3c2)c1,7.242376254091611,0,7.044886633538061
214,COc1cc(OC)cc(N(CCCNCC(F)(F)F)c2ccc3ncc(-c4cnn(C)c4)nc3c2)c1,6.658011830951812,0,6.71250192201351
215,COc1cc(OC)cc(N(CCNCC(N)=O)c2ccc3ncc(-c4cnn(C)c4)nc3c2)c1,5.979584848286232,0,6.271875474604249
216,COc1cc(OC)cc(N(CCc2nnn[nH]2)c2ccc3ncc(-c4cnn(C)c4)nc3c2)c1,7.0945819312974585,0,6.858683078280621
217,COc1cc(OC)cc(N(CCn2cccn2)c2ccc3ncc(-c4cnn(C)c4)nc3c2)c1,6.329067984311999,0,6.35665715624358
218,COc1cc(OC)cc(N(C[C@@H]2CCCN2)c2ccc3ncc(-c4cnn(C)c4)nc3c2)c1,7.369673845196053,0,7.060549569075144
219,COc1cc(OC)cc(N(C[C@H]2C[C@@H]2c2ccccn2)c2ccc3ncc(-c4cnn(C)c4)nc3c2)c1,6.74755962345086,0,6.578560369364031
220,COc1cc(OC)cc(N(Cc2cc3ncccc3o2)c2ccc3ncc(-c4cnn(C)c4)nc3c2)c1,5.619784979295779,0,5.8733794882005395
221,COc1cc(OC)cc(N(Cc2cccc(Cl)c2)c2ccc3ncc(-c4cnn(C)c4)nc3c2)c1,6.139398501553577,0,6.16270388299852
222,COc1cc(OC)cc(N(Cc2cccc(N(C)C)n2)c2ccc3ncc(-c4cnn(C)c4)nc3c2)c1,6.079480143483687,0,6.049566443583033
223,COc1cc(OC)cc(N(Cc2ccccc2Cl)c2ccc3ncc(-c4cnn(C)c4)nc3c2)c1,6.229265779104958,0,6.175710094276006
224,COc1cc(OC)cc(N(c2ccc3ncc(-c4cnn(C)c4)nc3c2)[C@@H](C)CN)c1,6.568395028124785,0,6.567284463956857
225,COc1cc2c(Nc3ccc(Br)cc3F)ncnc2cc1OCC1CCN(C(=O)Cn2cncc2[N+](=O)[O-])CC1,7.550830267834799,0,7.349223799925831
226,COc1cc2c(Nc3ccc(C)c(Br)c3)ncnc2cc1OCCOCCOCCNC(=O)Cn1cnc([N+](=O)[O-])n1,6.609488801648582,0,6.703648454935264
227,COc1cc2c(Nc3ccc(Cl)c(Cl)c3F)ncnc2cc1OC[C@@H]1CN2CCCC[C@@H]2C(=O)N1,7.292429823902063,0,7.060744642783185
228,COc1cc2c(Nc3ccc(F)c(F)c3)ncnc2cc1OCCOCCOCCNC(=O)Cn1cnc([N+](=O)[O-])n1,5.724819990439563,0,6.244291734867888
229,COc1cc2c(Oc3ccc(Nc4ccc(C(C)(C)C)cc4)cc3)ccnc2cc1OCCNCCO,7.075720713938118,0,6.932381031734667
230,COc1cc2c(Oc3ccc(Nc4nccc5[nH]cc(-c6ccc(F)cc6)c(=O)c45)cc3F)ncnc2cc1OCC1CCN(C)CC1,7.468521082957745,0,7.297694004720909
231,COc1cc2nc(C)oc2c(C[C@]2(C)[C@@H](C)CC[C@@]3(C)C(C)=CCC[C@H]32)c1O,5.436400271118469,0,5.810087926840494
232,COc1cc2nc(Cl)nc(Nc3ccc(S(=O)(=O)Nc4nccs4)cc3)c2cc1OC,5.108406795651035,0,5.578363455092719
233,COc1cc2nccc(Oc3ccc4c(c3)OCCN4C(=O)NC(C)C)c2cc1OC,7.3892334052267294,0,7.266994412841885
234,COc1cc2nccc(Oc3ccc4c(c3)OCCN4C(=O)NCc3ccccc3)c2cc1OC,7.271808601410053,0,7.180282071036303
235,COc1cc2nccc(Oc3ccc4c(c3)OCCN4C(=O)N[C@H](C)c3ccccc3)c2cc1OC,7.3892334052267294,0,7.262118156981555
236,COc1ccc(-c2cc3cc(OC)ccc3nc2Nc2ccc(NC(=O)CN3CCN(C)CC3)cc2)cc1,7.060480747381382,0,7.00310947910397
237,COc1ccc(-c2cc3ccc(OC)cc3nc2Nc2ccc(NC(=O)CN3CCN(C)CC3)cc2)cc1,6.978810700930062,0,6.972778109501859
238,COc1ccc(-c2cc3ccc(OC)cc3nc2Nc2ccc(NC(=O)CN3CCOCC3)cc2)cc1,6.954677021213342,0,6.891469055009653
239,COc1ccc(-c2ccc(Cn3cc(-c4ccc(NC(=O)C5CC5)cc4)nn3)cc2)cn1,8.818156412055227,0,7.966016136071291
240,COc1ccc(-c2ccc3c(c2)ncn3-c2ccccc2)cc1,6.943095148663527,0,6.568904887015142
241,COc1ccc(-c2cnc3c(Nc4ccc(N5CCCCC5)cc4)nccc3n2)cc1,5.700928739972591,0,6.0320850212117
242,COc1ccc(-c2cncc(-c3nc(-c4ccccc4)c(NC(C)=O)o3)c2)cc1,5.393511149557352,0,5.801930857113159
243,COc1ccc(-c2coc3ncnc(N)c23)cc1,5.259558355050234,0,5.661687721579318
244,COc1ccc(/C=C/C(=O)Nc2cc3c(Nc4ccc(F)c(Cl)c4)ncnc3cc2O[C@@H]2CCOC2)cc1,8.337242168318426,0,7.782145577785323
245,COc1ccc(C(=O)Nc2ccc(C(=O)N/N=C3\C(=O)Nc4ccc(F)cc43)cc2)cc1,5.525638023967369,0,5.812449933077879
246,COc1ccc(C(=O)Nc2ncc(SCc3ncc(C(C)(C)C)o3)s2)cc1OC,5.721017883134557,0,5.974835267931927
247,COc1ccc(C2=Nc3c(n[nH]c3C)Nc3nc(SC)ncc32)cc1,6.365724305374056,0,6.418633522762268
248,COc1ccc(CC(=O)Nc2ccc3oc(-c4ccccc4)nc3c2)cc1OC,6.236721788981022,0,6.363715828269405
249,COc1ccc(CC(=O)Nc2ccc3oc(-c4ccccc4F)nc3c2)cc1,6.777543663320753,0,6.682587188136714
250,COc1ccc(CNc2ccc3ncc(-c4cnn(C)c4)nc3c2)c(OC)c1,5.259558355050234,0,5.798705959386566
251,COc1ccc(Cc2nnc(Nc3ccc(Cl)c(C(F)(F)F)c3)c3ccccc23)cc1,5.872571222148402,0,6.137241751158334
252,COc1ccc(Cc2nnc(Nc3ccc(NC(=O)Nc4ccc(C#N)cc4)cc3)c3ccccc23)cc1,6.417936637088291,0,6.4547913697440675
253,COc1ccc(Cc2nnc(Nc3ccc(NC(=O)Nc4ccc(OC)cc4)cc3)c3ccccc23)cc1,7.060480747381382,0,6.7885380954852135
254,COc1ccc(Cc2nnc(Nc3ccc(NC(=O)Nc4ccccc4)cc3)c3ccccc23)cc1,6.324221658325914,0,6.316458229628469
255,COc1ccc(Cc2nnc(Nc3ccc(OC)cc3)c3ccccc23)cc1,5.462055040708513,0,5.8245256090656445
256,COc1ccc(N(C(=O)Oc2c(C)cccc2C)c2ccnc(Nc3cc(OC)c(OCCCN4CCN(C)CC4)c(OC)c3)n2)c(OC)c1,6.85078088734462,0,6.808185452181456
257,COc1ccc(N(C(=O)Oc2c(C)cccc2C)c2ccnc(Nc3ccc(OCCCN(C)C)cc3)n2)c(OC)c1,6.636388020107855,0,6.604713781043742
258,COc1ccc(N(C(=O)Oc2c(C)cccc2C)c2ccnc(Nc3ccc(OCCN4CCCCC4)cc3)n2)c(OC)c1,6.454692883534176,0,6.647137081350603
259,COc1ccc(NC(=O)Nc2ccc(C(=O)N/N=C3\C(=O)Nc4ccc(Cl)cc43)cc2)cc1,5.601886308269497,0,5.841987351662339
260,COc1ccc(NC(=O)Nc2nc(Sc3c[nH]c4ccccc34)cc(N3CCOCC3)n2)cc1,5.716472635138306,0,6.085980349548287
261,COc1ccc(Nc2nc3cc(Oc4ncnc5c4cnn5C)ccc3n2C)cc1,7.128427064454121,0,6.992914966143743
262,COc1ccc(Nc2nccc(Nc3ccc4[nH]ncc4c3)n2)cc1,6.928117992693874,0,6.876363465858123
263,COc1ccc(OC)c(N(CCNC(C)C)c2ccc3ncc(-c4cn[nH]c4)nc3c2)c1,5.659801856700662,0,6.116550244931648
264,COc1ccc(OC)c(N(CCO)c2ccc3ncc(-c4cnn(C)c4)nc3c2)c1,5.8197135172121,0,6.121181937873681
265,COc1ccc(S(=O)(=O)Nc2cccc(CNc3ncnc4c3cnn4CCc3ccccc3)c2)cc1OC,5.142004504439075,0,5.51180937670136
266,COc1ccc2c(Oc3ccc(NC(=O)c4c(C)n(CC(C)(C)O)n(-c5ccccc5)c4=O)nc3)ccnc2c1,6.1605219526258015,0,6.506113330633466
267,COc1ccc2c(c1)/C(=N/NC(=O)c1ccc(NC(=O)Nc3ccc(Cl)cc3)cc1)C(=O)N2,6.251037138743839,0,6.109008513845042
268,COc1ccc2c(c1)/C(=N/NC(=O)c1ccc(NC(=O)c3ccc(Cl)cc3)cc1)C(=O)N2,6.336299074610352,0,6.260936404412583
269,COc1ccc2c(c1)CCCN2c1ncnc2ccccc12,6.9503943874050265,0,6.7334988766663315
270,COc1ccc2c(c1)c(/C=C1\C(=O)NN=C1c1cnccn1)cn2C,7.508638306165727,0,7.407301899661348
271,COc1ccc2nccc(Nc3cc(O)ccc3C)c2c1,5.522734004575147,0,5.903263511993454
272,COc1cccc(C#CCN(c2cc(OC)cc(OC)c2)c2ccc3ncc(-c4cnn(C)c4)nc3c2)c1,5.039952306678055,0,5.309832304782595
273,COc1cccc(NC(=O)Nc2ccc3c(c2)c2c4c(c5c(c2n3CC(C)C)CCc2nn(C)cc2-5)C(=O)NC4)c1,7.585026652029182,0,7.5436916180553295
274,COc1cccc(Nc2nccc(Nc3ccc4[nH]ncc4c3)n2)c1,7.086186147616283,0,6.925666626491374
275,COc1cccc(Nc2nnc(-c3c(NCc4ccncc4)ncn3C)o2)c1,7.0349076738506895,0,6.8499012735073945
276,COc1cccc2c1c(/C=C1\C(=O)NN=C1c1snnc1C)cn2C,7.698970004336019,0,7.537741005226809
277,COc1ccccc1NC(=O)Nc1ccc2c(c1)c1c3c(c4c(c1n2CC(C)C)CCc1nn(C)cc1-4)C(=O)NC3,7.376750709602099,0,7.437047521048883
278,COc1nc(Nc2ccc3ncsc3c2)nc(NC(C)(C)c2ccccc2)n1,5.214598975007613,0,5.6705260859342195
279,CS(=N)(=O)c1ccc(Nc2ncc(Br)c(Nc3ccccc3)n2)cc1,7.207608310501746,0,6.875643348345214
280,CS(=O)(=O)Cc1cccc(Nc2nccc(Oc3ccc4c(C(=O)NC5CC5)cccc4c3)n2)c1,8.795880017344075,0,8.285344494621665
281,CS(=O)(=O)c1ccc(Nc2ncc(C(F)(F)F)c(OC3CCCCC3)n2)cc1,6.050122295963125,0,6.256061526595636
282,CS(=O)(=O)c1ccc2nccc(Nc3ccc4scnc4c3)c2c1,5.622329560665677,0,5.956611549674374
283,C[C@@H](Nc1nc(Nc2ccc(S(=N)(=O)CC3CC3)cc2)ncc1Br)C(C)(C)O,7.301029995663981,0,7.110621743235106
284,C[C@@H](Nc1nc(Nc2ccc(S(C)(=N)=O)cc2)ncc1Br)C(C)(C)O,6.85078088734462,0,6.892897984211586
285,C[C@@H](Nc1ncnc2[nH]c(-c3ccc(C(=O)NCCNCCC(=O)NO)cc3)cc12)c1ccccc1,6.995678626217357,0,6.990652606022579
286,C[C@@H](Nc1ncnc2[nH]c(-c3ccc(C(=O)NO)cc3)cc12)c1ccc(F)cc1,6.995678626217357,0,6.847168592793324
287,C[C@@H](Nc1ncnc2[nH]c(-c3ccc(CNCCCCCCC(=O)NO)cc3)cc12)c1ccccc1,6.995678626217357,0,6.926687750874563
288,C[C@@H](Nc1ncnc2[nH]c(-c3ccc(NC(=O)CCC(=O)NO)cc3)cc12)c1ccccc1,6.995678626217357,0,6.9532460798921765
289,C[C@@H](Nc1ncnc2[nH]c(-c3ccc(NC(=O)CCCC(=O)NO)cc3)cc12)c1ccccc1,6.995678626217357,0,6.977689160161569
290,C[C@@H](Nc1ncnc2[nH]c(-c3ccc(NC(=O)CCNCC(=O)NO)cc3)cc12)c1ccccc1,6.995678626217357,0,6.9638330789645355
291,C[C@@H](Nc1ncnc2[nH]c(-c3ccc(NCc4ccc(/C=C/C(=O)NO)cc4)cc3)cc12)c1ccccc1,5.999565922520681,0,6.331712832964112
292,C[C@@H](Nc1ncnc2[nH]c(-c3ccc(OCC(=O)NO)cc3)cc12)c1ccccc1,5.999565922520681,0,6.278951606116111
293,C[C@@H](O)[C@@H](C)Nc1nc(Nc2ccc([S+](N)[O-])cc2)ncc1Br,7.221848749616356,0,7.0016125078098845
294,C[C@@H](Oc1nc(Nc2ccc(S(C)(=O)=O)cc2)ncc1C(F)(F)F)C(C)(C)O,6.513942570314652,0,6.557124887547276
295,C[C@H](O)[C@@H](C)Oc1nc(Nc2ccc(S(=O)(CCO)=NS(=O)(=O)CC[Si](C)(C)C)cc2)ncc1Br,6.085656842880559,0,6.404200741735577
296,Cc1[nH]c(-c2ccccc2)c(-c2ccccc2)c1-c1nnc(C)c2nn(-c3ccccc3)cc12,5.462055040708513,0,5.675713969294943
297,Cc1[nH]c(-c2ccccc2)c(-c2ccccc2)c1C(=O)c1cn(-c2ccccc2)nc1-c1ccccc1,5.630598586303376,0,5.698247100508181
298,Cc1[nH]nc2c1N=C(c1ccccc1Cl)c1cc(N)ccc1N2,7.455931955649724,0,7.051724615731216
299,Cc1c(C(=O)c2coc3c2cc(O)c2ccccc23)[nH]c(-c2ccccc2)c1-c1ccccc1,5.340939927759061,0,5.7331777532610335
300,Cc1c(NC(=O)CCN2CCCC2)c[nH]c1/C=C1\C(=O)Nc2ccc(F)cc21,6.860435733824151,0,6.958241429759607
301,Cc1c2ccc(N(C)c3ccnc(Nc4cccc(F)c4)n3)cc2nn1C,7.102372908709558,0,6.965805554588679
302,Cc1cc(Br)c2c(/C=C3\C(=O)NN=C3c3cnns3)cn(C)c2c1,7.886056647693163,0,7.699550525174979
303,Cc1cc(C)c(/C=C2\C(=O)NN=C2c2ccccc2)[nH]1,5.568475415812549,0,6.058248616060814
304,Cc1cc(C)c(/C=C2\C(=O)NN=C2c2cnccn2)[nH]1,7.356547323513812,0,7.054723497489115
305,Cc1cc(C)cc(Nc2nccc(N(C)c3ccc4cn(C)nc4c3)n2)c1,7.537602002101044,0,7.169332197182447
306,Cc1cc(CNc2ncc(Cl)c(Nc3cc(C)[nH]n3)n2)on1,6.299131939548342,0,6.431944363045462
307,Cc1cc(CNc2nccc(Nc3cc(CCc4ccccc4)[nH]n3)n2)on1,6.8965726026172325,0,6.8227580179961
308,Cc1cc(Cl)ccc1NC(=O)Nc1nc(Sc2c[nH]c3ccccc23)cc(N2CCN(c3ccccn3)CC2)n1,6.03574036980315,0,6.182894266842451
309,Cc1cc(F)c(Nc2ncnc3cc(OCc4ccccc4)ccc23)cc1O,8.522878745280337,0,7.811737282853544
310,Cc1cc(Nc2nc(NCCCc3c[nH]nc3C)ncc2Br)n[nH]1,6.299131939548342,0,6.390417930343973
311,Cc1cc(Nc2nc(NCCc3cccnc3)ncc2Br)n[nH]1,6.199310409580018,0,6.312478967759468
312,Cc1cc(Nc2ncc(F)c(N[C@H]3[C@@H](C(N)=O)[C@@H]4C=C[C@H]3C4)n2)ccc1N1CCN(C)CC1,7.358349385648225,0,7.116067170084813
313,Cc1cc(Oc2ncnc3sccc23)ccc1NC(=O)Nc1cccc(Br)c1,7.769551078621726,0,7.172636483083098
314,Cc1cc2c(F)c(Nc3ncnn4cc(-c5nnc(C)o5)c(C(C)C)c34)cnc2[nH]1,7.853871964321762,0,7.511019566502008
315,Cc1cc2c(F)c(Oc3ncnc(N)c3/C=N/OCCCN(C)C)ccc2[nH]1,6.991399828238082,0,6.978363167410791
316,Cc1cc2c(F)c(Oc3ncnc(N)c3/C=N/OCCCO)ccc2[nH]1,7.920818753952375,0,7.594599796447868
317,Cc1cc2c(F)c(Oc3ncnc(N)c3/C=N/OCCN(C)C)ccc2[nH]1,6.72584215073632,0,6.903514451681151
318,Cc1cc2c(F)c(Oc3ncnc(N)c3/C=N/OCCN3CCOCC3)ccc2[nH]1,7.397940008672037,0,7.28847191887727
319,Cc1cc2c(F)c(Oc3ncnn4cc(OCCCN5CCCC5)c(C)c34)ccc2[nH]1,7.67778070526608,0,7.400886087340427
320,Cc1cc2cc(Oc3ncnn4cc(OC[C@@H](C)O)c(C)c34)cnc2[nH]1,6.910094888560602,0,6.9050750511026875
321,Cc1cc2ccnc(Nc3ccc(Oc4ccnc(N)c4I)c(F)c3)c2c(=O)n1-c1ccccc1,6.3451499094386055,0,6.4311662016470015
322,Cc1ccc(-n2cc(C(=O)c3c(C)[nH]c(-c4ccccc4)c3-c3ccccc3)c(C(=O)Nc3ccccc3)n2)cc1,5.363411816270158,0,5.778270085904987
323,Cc1ccc(-n2cc(NC(=O)c3ccc(NS(=O)(=O)c4ccccc4)cc3)cn2)cc1,5.164246032480617,0,5.450873286647875
324,Cc1ccc(C(=O)Nc2ccc(CN3CCN(C)CC3)c(C(F)(F)F)c2)cc1C#Cc1cnc2cccnn12,8.568636235841012,0,7.974494435416866
325,Cc1ccc(C(=O)Nc2ccc(NC(=O)CCl)c(C(F)(F)F)c2)cc1Nc1nccc(-c2cccnc2)n1,5.677573947594047,0,6.185166086439744
326,Cc1ccc(C)c(NC(=O)Nc2nc(Sc3c[nH]c4ccccc34)cc(N3CCN(Cc4ccccc4)CC3)n2)c1,5.669383332705562,0,6.069026012602784
327,Cc1ccc(C2=Nc3c(n[nH]c3C)Nc3nc(N4CCCCC4)ncc32)cc1,7.508638306165727,0,7.284612640424819
328,Cc1ccc(C2=Nc3c(n[nH]c3C)Nc3nc(N4CCOCC4)ncc32)cc1,7.645891560852599,0,7.338917984248497
329,Cc1ccc(CC(=O)Nc2ccc3oc(-c4ccccc4Cl)nc3c2)cc1,6.310069895981782,0,6.368723630256776
330,Cc1ccc(F)c(NC(=O)Nc2ccc(Oc3ccnc(-c4cc(C(=O)N5CCC(CC(=O)O)CC5)c[nH]4)c3)cc2)c1,7.494850021680094,0,7.46426120433463
331,Cc1ccc(F)c(NC(=O)Nc2ccc(Oc3ccnc(-c4cc(C(=O)N5CCC(O)CC5)c[nH]4)c3)cc2)c1,6.987162775294828,0,7.216522908819234
332,Cc1ccc(F)c(NC(=O)Nc2ccc(Oc3ccnc(-c4cc(C(=O)N5CCC(S(=O)(=O)O)CC5)c[nH]4)c3)cc2)c1,7.552841968657781,0,7.46130117802667
333,Cc1ccc(F)c(NC(=O)Nc2ccc(Oc3ccnc(-c4cc(C(=O)N5CC[C@@H](O)C5)c[nH]4)c3)cc2)c1,7.795880017344075,0,7.654722080093722
334,Cc1ccc(F)c(NC(=O)Nc2ccc(Oc3ccnc(-c4cc(C(=O)NCC(=O)N5CC[C@H](O)C5)c[nH]4)c3)cc2)c1,7.769551078621726,0,7.634057310650001
335,Cc1ccc(F)c(NC(=O)Nc2ccc(Oc3ccnc(-c4cc(C(=O)NCC(=O)NCC(O)CO)c[nH]4)c3)cc2)c1,7.67778070526608,0,7.58629096791714
336,Cc1ccc(F)c(NC(=O)Nc2ccc(Oc3ccnc(-c4cc(C(=O)NCCCC(=O)N5CC[C@@H](O)C5)c[nH]4)c3)cc2)c1,7.397940008672037,0,7.452349350281791
337,Cc1ccc(F)c(NC(=O)Nc2ccc(Oc3ccnc(-c4cc(C(=O)N[C@@H](CCC(=O)OCC(O)CO)C(=O)OCC(O)CO)c[nH]4)c3)cc2)c1,7.431798275933005,0,7.395939014651275
338,Cc1ccc(F)c(NC(=O)c2ccc(F)c(Oc3ccnc(-c4cc(C(=O)NCC(=O)O)c[nH]4)c3)c2)c1,7.537602002101044,0,7.433753322041716
339,Cc1ccc(F)c(NC(=O)c2ccc(F)c(Oc3ccnc(-c4cc(C(=O)O)c[nH]4)c3)c2)c1,7.552841968657781,0,7.324569130023043
340,Cc1ccc(F)c(NC(=O)c2cccc(Oc3ccnc(-c4cc(C(=O)NCC(O)CO)c[nH]4)c3)c2)c1,7.318758762624412,0,7.347309729696538
341,Cc1ccc(NC(=O)c2ccccc2Cn2ccc3ncnc-3c2)c(F)c1,6.675717544702307,0,6.718734484027922
342,Cc1ccc(NC(=O)c2scnc2CCc2cnoc2)c(F)c1,5.670069888579461,0,6.015117530886421
343,Cc1ccc(Nc2nc3cc(Oc4ncnc5c4cnn5C)ccc3n2C)cc1,7.742321425130815,0,7.4528969073245515
344,Cc1ccc(Nc2ncnn3cc(C(=O)NCCCN4CCOCC4)c(C)c23)cc1O,7.275724130399211,0,7.276703880042887
345,Cc1ccc(Nc2ncnn3cc(C(=O)NCCCn4nccn4)c(C)c23)cc1O,7.508638306165727,0,7.322750550344112
346,Cc1ccc(Nc2ncnn3cc(NC(=O)OCCCN4CCCCC4)c(C(C)C)c23)cc1O,8.221848749616356,0,7.709931646798142
347,Cc1ccc(Nc2nnc(-c3cccnc3CCc3ccncc3)o2)cc1C(F)(F)F,7.0435171896479485,0,6.9226214232706464
348,Cc1ccc(O)cc1CC[C@@H]1C(=O)CC[C@@]2(C)[C@H]1CC[C@@H]2[C@H](C)CCCC(C)C,5.221053272031384,0,5.61114644064181
349,Cc1ccc(O)cc1Nc1ccnc2ccc(-c3cccnc3)cc12,6.336299074610352,0,6.319838930835189
350,Cc1ccc2c(c1)c(/C=C1\C(=O)NN=C1c1cnns1)cn2C,7.443697499232712,0,7.439642753771351
351,Cc1cccc(C)c1NC(=O)c1ccc(NC(=O)Cn2c(=O)c3nncn3c3ccccc32)cc1,8.10790539730952,0,7.899673076310993
352,Cc1cccc(Cn2nc(C)c3c(NC(=O)c4csc5c(N)ncnc45)cccc32)n1,6.277366077466188,0,6.470946493758044
353,Cc1cccc(NC(=O)Nc2ccc(N3CCc4ccncc4C3)cc2C)c1,6.341988603342887,0,6.503301147465495
354,Cc1cccc(NC(=O)Nc2ccc(Nc3ccc([N+](=O)[O-])c4ncnc(O)c34)cc2)c1,7.102372908709558,0,7.0490819167768555
355,Cc1cccc(NC(=O)Nc2ccc(Oc3ccnc(-c4cc(C(=O)NCC(O)CO)c[nH]4)c3)cc2)c1,8.0,0,7.73860268243414
356,Cc1cccc(NC(=O)c2ccc(NC(=O)Cn3c(=O)c4nncn4c4ccccc43)cc2)c1,8.309803919971486,0,7.939076650411045
357,Cc1cccc(Nc2nc3cc(Oc4ncnc5c4cnn5C)ccc3n2C)c1,7.038578905933552,0,7.148723955071421
358,Cc1cccc(Nc2nnc(-c3ccc(C(N)=O)cc3)c3ccccc23)c1,5.7956086680807,0,5.99784613252227
359,Cc1ccccc1-c1ccc2nc(N)ncc2c1,5.303905840004777,0,5.7242556201572325
360,Cc1ccccc1Cc1cc2c(Nc3ccc(Cl)cc3)nc(N)nc2[nH]1,6.317854923626168,0,6.386545527231125
361,Cc1ccoc1C(=O)Nc1cccc(Nc2ccnc(-c3cc(C(=O)O)c[nH]3)c2)c1,5.529148675473882,0,6.120925893990438
362,Cc1ccoc1C(=O)Nc1cccc(Oc2ccnc(-c3cc(C(=O)NCC(O)CO)c[nH]3)c2)c1,7.568636235841012,0,7.4598820209314045
363,Cc1ccoc1C(=O)Nc1cccc(Oc2ccnc(-c3cc(C(N)=O)c[nH]3)c2)c1,7.657577319177793,0,7.258891660375368
364,Cc1cnc(CNc2ncc(Br)c(Nc3cc(C)[nH]n3)n2)cn1,5.999565922520681,0,6.19920549220299
365,Cc1n[nH]c2cc(Nc3nc(NC4CC4)c4occc4n3)ccc12,5.068491278133383,0,5.706897134789743
366,Cc1n[nH]c2ccc(-c3cc(N[C@@H](CO)c4ccccc4)cnc3-c3ccc(F)cc3O)cc12,8.443697499232712,0,7.783446653717745
367,Cc1n[nH]c2sc(C(N)=O)c(NC(=O)c3ccccc3Cl)c12,5.0968557295904615,0,5.433936048162005
368,Cc1n[nH]c2sc(C(N)=O)c(NC(=O)c3cccs3)c12,5.221776373233904,0,5.499180031981933
369,Cc1nc(N(C)c2ccc3c(c2)CCO3)c2cc(C)oc2n1,8.113509274827518,0,7.416770962770211
370,Cc1nc2c(F)cc(-c3nc(Nc4ccc5c(n4)CCN(CCN(C)C)C5)ncc3F)cc2n1C(C)C,5.4050552633049165,0,6.033515352935483
371,Cc1ncc([N+](=O)[O-])n1CCOc1ncnc2ccccc12,8.429457060118102,0,7.800738337082917
372,Cc1nn(-c2ccnc(Nc3ccc4c(c3)c(Cl)c(C)n4C)n2)cc1CN1CC(O)C1,6.71455523167417,0,6.58759631352069
373,Cc1nn(-c2ccnc(Nc3ccc4c(cnn4C)c3)n2)cc1CN1CC(O)C1,5.727462222624762,0,6.1925955529958765
374,Cc1noc(-c2cn3ncnc(Nc4cnc5[nH]c(C)cc5c4)c3c2C(C)C)n1,6.943095148663527,0,6.9332967555636005
375,Clc1ccc(C(/C=C/c2ccccc2)=N\Nc2nncc3ccccc23)cc1,8.772113295386326,0,7.864801107282109
376,Clc1ccc(Nc2nnc(-c3cccc4cnccc34)c3ccccc23)cc1Cl,6.954677021213342,0,6.77252722235653
377,Clc1ccc(Nc2nnc(-c3cccnc3CCc3ccncc3)o2)cc1Cl,6.562049955606738,0,6.5640861558260735
378,Clc1ccc(Nc2nnc(Cc3ccncc3)c3ncccc23)cc1,6.617982957425132,0,6.555007272471792
379,Cn1cc(-c2cnc3ccc(N(CC4CC4)c4ccccc4)cc3n2)cn1,6.339049188669717,0,6.466936175514151
380,Cn1cc(/C=C2\C(=O)NN=C2c2cnccn2)c2cc(Cl)ccc21,7.958607314841775,0,7.700184217435514
381,Cn1cc(/C=C2\C(=O)NN=C2c2cnns2)c2c(Br)cccc21,8.045757490560675,0,7.768342111379138
382,Cn1cc(/C=C2\C(=O)NN=C2c2cnns2)c2c(Cl)cccc21,7.769551078621726,0,7.662677537341278
383,Cn1cc(/C=C2\C(=O)NN=C2c2cnns2)c2cc(Br)ccc21,6.954677021213342,0,7.256940798134677
384,Cn1cc(/C=C2\C(=O)NN=C2c2nccs2)c2c(Br)cccc21,7.337242168318426,0,7.382154243883085
385,Cn1cc(/C=C2\C(=O)NN=C2c2nccs2)c2cc(Cl)ccc21,7.221848749616356,0,7.300449020893511
386,Cn1cc2c(n1)CCc1c-2c2c(c3c4cc(C5CCCCO5)ccc4n(CC4CCCCC4)c13)CNC2=O,6.823908740944319,0,7.117702230611376
387,Cn1cc2c(n1)CCc1c-2c2c(c3c4cc(C5CCCCO5)ccc4n(CCO)c13)CNC2=O,8.397940008672037,0,8.228864379896315
388,Cn1ccnc1-c1cc2c(Oc3ccc(NC(=S)NC(=O)Cc4ccccc4)cc3F)ccnc2s1,8.397940008672037,0,7.875310112281247
389,Cn1cnc(NCc2ccncc2)c1-c1nnc(Nc2ccc(C(F)(F)F)cc2)o1,7.105845093946475,0,6.865431402835199
390,Cn1cnc(NCc2ccncc2)c1-c1nnc(Nc2ccc(Cl)cc2)o1,6.421845085136557,0,6.538965491326677
391,Cn1nc(N)c2c(-c3ccc(NC(=O)Nc4ccc(F)c(C(F)(F)F)c4)cc3)cncc21,7.853871964321762,0,7.364856171761806
392,Cn1ncc2c(Oc3ccc4c(c3)nc(Nc3ccc(Br)cc3)n4C)ncnc21,7.510041520575165,0,7.231053954539339
393,Cn1ncc2c(Oc3ccc4c(c3)nc(Nc3ccc(Cl)c(C(F)(F)F)c3)n4C)ncnc21,6.868060704789576,0,6.863380081876885
394,Cn1ncc2c(Oc3ccc4c(c3)nc(Nc3cccc(C(F)(F)F)c3)n4C)ncnc21,6.820448208834812,0,6.903508221478158
395,Cn1ncc2c1CCc1c-2c2c(c3c4cc(C5CCCCO5)ccc4n(CCO)c13)CNC2=O,8.096910013008056,0,8.03417734062777
396,FC(F)(Cl)Oc1ccc(Nc2nnc(-c3cccc4cnccc34)c3ccccc23)cc1,7.096910013008056,0,6.924936128266769
397,FC(F)(Cl)Oc1ccc(Nc2nnc(-c3ccncc3CCc3ccncc3)o2)cc1,6.46525660261671,0,6.47088713969442
398,FC(F)(F)Oc1ccc(Nc2nnc(-c3ccncc3CCc3ccncc3)o2)cc1,6.317245712024269,0,6.376264056174703
399,FC(F)(F)c1ccc(Nc2nnc(-c3ccncc3CCc3ccncc3)o2)cc1,6.339085873147331,0,6.307060677215422
400,FC(F)(F)c1cccc(Nc2nnc(-c3ccncc3CCc3ccncc3)o2)c1,6.102661539901486,0,6.153408407668246
401,FC(F)(F)c1cccc(Nc2nnc(-c3cnccc3CCc3ccncc3)o2)c1,5.868530035115101,0,6.096744494735457
402,Fc1cccc([C@H]2CCCN2c2ccc3ncc(-c4ccccn4)n3n2)c1,5.18701983396052,0,5.7740392137045635
403,N#CC1(c2cccc(C(=O)Nc3cc(Oc4ccc5nc(NC(=O)C6CC6)sc5n4)ccc3F)c2Cl)CC1,8.42021640338319,0,7.970901921181742
404,N#Cc1ccc(-c2cnc3ccc(NCc4ccccc4)nn23)cc1,5.387110230712516,0,5.791118063284469
405,N#Cc1ccc(C(=O)CSc2nccc(Nc3ccc(N4CCOCC4)cc3)n2)cc1,5.9582126810282485,0,6.215479342894559
406,N#Cc1cnc(Nc2cc(CN3CCN(C(=O)CO)CC3)ccn2)s1,7.443697499232712,0,7.344945826846267
407,N#Cc1cnc(Nc2cc(N3CCCNCC3)ncn2)s1,7.517164014389946,0,7.401178513427065
408,N#Cc1cnc(Nc2cc(N3CCN(CCCN4CCOCC4)CC3)ncn2)s1,7.789198036565084,0,7.625172737866066
409,N#Cc1cnc(Nc2cc(N3CCN(CCN4CCOCC4)CC3)ncn2)s1,7.792513326014591,0,7.646763466425717
410,N#Cc1cnc(Nc2ccc(CCO)cc2)nc1-c1cccs1,7.080921907623926,0,6.760913608879958
411,N#Cc1cnc(Nc2ccccc2)nc1-c1ccccc1,5.999565922520681,0,6.122783411849269
412,NC(=O)c1c(-c2ccc3scnc3c2)nn2c1NCCCC2,5.600153287287077,0,5.747325122699512
413,NC(=O)c1c(-c2ccc3scnc3c2)nn2c1NCCCCC2,5.494714325855868,0,5.742532254398382
414,NC(=O)c1c(-c2ccc3scnc3c2)nn2c1N[C@@H]1CC[C@@H](C1)C2,5.300075597257523,0,5.64963054461554
415,NC(=O)c1c(-c2cccc(NO)c2)nsc1N,5.916855856856948,0,5.988192336835508
416,NC(=O)c1ccc(-c2nnc(Nc3ccc(OC(F)(F)Cl)cc3)c3ccccc23)cc1,6.718966632752272,0,6.6167685788014605
417,NC(=O)c1ccc(-c2nnc(Nc3cccc(Br)c3)c3ccccc23)cc1,5.920456992597094,0,6.054356386322151
418,NC(=S)N1N=C(c2ccc(Cl)c(Cl)c2)CC1c1ccc2ccccc2c1,5.494714325855868,0,5.84184489778624
419,Nc1c(-c2nc3ccc[nH]c-3n2)c(O)nc2ccccc12,7.769551078621726,0,7.180545924067285
420,Nc1c(C(=O)c2ccc3ncccc3c2)cnn1-c1cc(O)ccc1Cl,5.7956086680807,0,6.084951555444508
421,Nc1nc(Nc2ccc(Br)cc2Cl)c2cc(Cc3ccc(Cl)cc3Cl)[nH]c2n1,6.995678626217357,0,6.743809066060026
422,Nc1nc(Nc2ccc(Cl)cc2)c2cc(Cc3cccc4ccccc34)[nH]c2n1,6.20690839982342,0,6.328460468864747
423,Nc1nc(Nc2ccc3c(c2)CC[C@@H](N2CCCC2)CC3)nn1-c1cc2c(nn1)-c1ccccc1CCC2,8.045757490560675,0,7.534962540766106
424,Nc1ncc(-c2cccc(S(N)(=O)=O)c2)c2occ(-c3ccc(NC(=O)Nc4cc(C(F)(F)F)ccc4F)cc3)c12,8.2839966563652,0,7.705133220855049
425,Nc1nccc(Oc2ccc(Nc3nccc4[nH]cc(-c5ccc(F)cc5)c(=O)c34)cc2F)c1Cl,7.161150909262744,0,6.978864248221805
426,Nc1nccc(Oc2ccc(Nc3nccc4ccn(-c5ccc(F)cc5)c(=O)c34)cc2F)c1Cl,6.551448260798422,0,6.597859843557199
427,Nc1nccc2occ(-c3ccc4c(C(=O)Nc5ccccc5)cccc4c3)c12,7.882235776546225,0,7.385954927717856
428,Nc1ncnn2ccc(C(=O)Nc3ccc(NC(=O)Nc4cccc(F)c4)cc3)c12,5.927750102386485,0,6.163504230006283
429,O=C(CCSC(=S)N1CCN(c2ccccc2)CC1)Nc1cccc(NC(=O)c2ccccn2)c1,7.022276394711152,0,6.911482403267362
430,O=C(CCSC(=S)N1CCOCC1)Nc1cccc(NC(=O)c2ccccn2)c1,6.696803942579511,0,6.731794437075565
431,O=C(CN1CCN(c2cc(=O)n(-c3ccccc3)c3ccccc23)CC1)Nc1nc(-c2ccc(Cl)cc2)cs1,7.195860567664649,0,6.934074503059894
432,O=C(Cn1c(=O)c2nncn2c2ccccc21)Nc1ccc(C(=O)NC2CCCCC2)cc1,7.896196279044043,0,7.637863071519112
433,O=C(Cn1c(=O)c2nncn2c2ccccc21)Nc1ccc(C(=O)NNC(=O)c2ccc([N+](=O)[O-])cc2)cc1,7.966576244513051,0,7.725642883261555
434,O=C(Cn1c(=O)c2nncn2c2ccccc21)Nc1ccc(C(=O)Nc2ccc(Cl)cn2)cc1,7.296708621881338,0,7.292295840828746
435,O=C(Cn1c(=O)c2nncn2c2ccccc21)Nc1ccc(C(=O)Nc2ccc([N+](=O)[O-])cc2)cc1,7.621602099051862,0,7.601391115873043
436,O=C(N/N=C/c1cc(F)c(F)cc1Cl)N1CCc2ncnc(Nc3ccc(F)c(Cl)c3)c2C1,6.767257937279263,0,6.72355463888395
437,O=C(N/N=C/c1ccc(Br)cc1)Nc1ccc(Oc2ccnc3[nH]ccc23)c(F)c1,5.050561198963496,0,5.726946822648781
438,O=C(N/N=C/c1cccs1)N1CCc2ncnc(Nc3ccc(F)c(Cl)c3)c2C1,6.622875957653544,0,6.658831154803559
439,O=C(NC1CCCCC1)c1cc2c(-c3ccccc3)[nH]nc2s1,6.308918507877031,0,6.363403164834776
440,O=C(NCCCN1CCCC1=O)c1cnccc1Nc1nc(-c2cc(Br)ccc2F)nc2nccnc12,6.85078088734462,0,6.847432055036361
441,O=C(NCCN1CCOCC1)c1ccc(F)c(NCc2cnc(Nc3ccccn3)s2)c1,7.0655015487564325,0,6.9905317735115835
442,O=C(NCc1ccccc1)Nc1cccc(CNc2ncnc3c2cnn3CCc2ccccc2)c1,5.171275672861208,0,5.61914953679968
443,O=C(NCc1ccccn1)c1ccc(F)c(NCc2cnc(Nc3ccccn3)s2)c1,7.187086643357144,0,7.000543462976399
444,O=C(Nc1ccc(-c2ccc3c(=O)nc[nH]c3c2)cc1)C1(C(=O)Nc2cccc(C(F)(F)F)c2)CCC1,6.506346804323073,0,6.624218309592307
445,O=C(Nc1ccc(Br)cc1)Nc1cccc(CNc2ncnc3c2cnn3CCc2ccccc2)c1,5.468393368067278,0,5.657975094337698
446,O=C(Nc1ccc(Br)cc1)c1ccccc1Cn1ccc2cnccc21,6.355561410532161,0,6.44033911771153
447,O=C(Nc1ccc(Br)cc1)c1ccccc1Cn1ccc2ncnc-2c1,6.41907502432438,0,6.457063113718
448,O=C(Nc1ccc(C(=O)N/N=C2\C(=O)Nc3ccc(Cl)cc32)cc1)Nc1ccc(Cl)c(C(F)(F)F)c1,5.563678299860267,0,5.916661299021894
449,O=C(Nc1ccc(Cl)c(Cl)c1)c1scnc1CCc1ccncc1,6.884596785765559,0,6.699480899120695
450,O=C(Nc1ccc(Cl)cc1)N1CCOc2cc(Oc3ncnc4[nH]ccc34)ccc21,7.104466960515929,0,6.991073454849917
451,O=C(Nc1ccc(Cl)cc1)Nc1ccc(/N=C2\C(=O)Nc3ccccc32)cc1,5.600153287287077,0,5.758036240511787
452,O=C(Nc1ccc(Cl)cc1)Nc1ccc(C(=O)N/N=C2\C(=O)Nc3ccccc32)cc1,5.3584267468218245,0,5.582047346911057
453,O=C(Nc1ccc(Cl)cc1)Nc1nc(Sc2c[nH]c3ccccc23)cc(N2CCOCC2)n1,5.841336019186011,0,6.017892682903439
454,O=C(Nc1ccc(F)cc1)Nc1ccc(/N=C2\C(=O)Nc3ccc(Cl)cc32)cc1,5.406603157699793,0,5.719750433150766
455,O=C(Nc1ccc(N2CCOCC2)cc1)c1scnc1CCc1ccncc1,6.191977133439952,0,6.392469078402348
456,O=C(Nc1ccc(Nc2ccc([N+](=O)[O-])c3ncnc(O)c23)cc1)Nc1cccc(C(F)(F)F)c1,7.337242168318426,0,7.1228094879578014
457,O=C(Nc1ccc(Nc2ncnc3sc4c(c23)CCOC4)cc1)Nc1ccc(Cl)c(C(F)(F)F)c1,5.601886308269497,0,6.055496364940537
458,O=C(Nc1ccc(OC(F)(F)Cl)cc1)c1scnc1CCc1cnoc1,5.699702971904703,0,6.0612313221968925
459,O=C(Nc1ccc(OCCN2CCCCC2)c(F)c1)c1cccc(-c2cccc(O)c2)c1,7.34371009880864,0,7.298949612042352
460,O=C(Nc1ccc2c(c1)OCO2)c1scnc1CCc1ccncc1,6.455399048304617,0,6.522436757038303
461,O=C(Nc1ccc2oc(-c3ccc(Cl)cc3)nc2c1)c1ccc(Cl)c(Br)c1,6.469416140354882,0,6.489612918286808
462,O=C(Nc1cccc(-c2ccc3c(=O)[nH]cnc3c2)c1)Nc1ccc(F)c(F)c1,7.52360317327467,0,7.087813852409275
463,O=C(Nc1ccccc1)Nc1ccc(C(=O)N/N=C2\C(=O)Nc3ccc(F)cc32)cc1,5.374584647845592,0,5.597460120841989
464,O=C(Nc1ccccc1)Nc1ccc(Oc2ccc3nccn3n2)cc1,5.283913146225168,0,5.7475476785977655
465,O=C(Nc1ccccc1)Nc1ccc(Sc2ccnc3ccsc23)cc1,5.935167780261426,0,6.124856645803688
466,O=C(Nc1cnn(-c2ccccc2)c1)c1cccc(NS(=O)(=O)c2ccccc2)c1,5.486649201194043,0,5.609430952031962
467,O=C(Nc1nc2ccc(Cl)cc2s1)c1cn(-c2ccccc2)nc1-c1ccc(Cl)cc1,6.590066876668706,0,6.541079386522039
468,O=C(O)CCC1CCCc2[nH]c(/C=C3\C(=O)Nc4ccccc43)cc21,7.040958607678906,0,6.917186863249104
469,O=C(O)c1ccc(Nc2ccnc(SCC(=O)c3ccc(Cl)cc3)n2)cc1,6.767003889607846,0,6.658348505533765
470,O=C1/C(=C/c2ccccn2)CNC/C1=C\c1ccccn1,6.17979854051436,0,6.2552611713466835
471,O=C1CS/C(=N\N=C2/C(=O)N(Cc3ccccc3)c3ccc(Cl)cc32)N1,7.102372908709558,0,6.899141977545302
472,O=C1Nc2ccc(C(F)(F)F)cc2/C1=C/c1cc2c([nH]1)CCN(C(=O)N1CCOCC1)C2,7.075720713938118,0,7.007632854764561
473,O=C1Nc2ccccc2/C1=C/c1c[nH]nc1-c1ccccc1[N+](=O)[O-],8.060480747381382,0,7.578110806753285
474,O=C1Nc2ccccc2/C1=C\c1ccc2c(/C=C/c3ccncc3)n[nH]c2c1,7.455931955649724,0,7.241133261033016
475,O=S(=O)(Nc1cccc(CNc2ncnc3c2cnn3CCc2ccccc2)c1)c1ccc(Br)cc1,5.310602337178718,0,5.499656157481027
476,O=S(=O)(Nc1cccc(CNc2ncnc3c2cnn3CCc2ccccc2)c1)c1ccc(F)cc1,5.538951908329342,0,5.632041176328839
477,O=S1(=O)NCCCNc2nc(ncc2Br)Nc2cccc1c2,7.387216143280264,0,7.116220852619858
478,O=[N+]([O-])c1ccc(S(=O)(=O)Nc2cccc(CNc3ncnc4c3cnn4CCc3ccccc3)c2)cc1,5.986741334716483,0,6.157828980488063
479,O=c1c(-c2ccc(F)cc2)c[nH]c2ccnc(Nc3ccc(Oc4ncnc5cc6c(cc45)OCCOCCOCCO6)c(F)c3)c12,7.313363730737707,0,7.235448629479787
480,O=c1ccc(-c2ccc3c(c2)ncn3-c2ccccc2)cn1CCCN1CCCCC1,7.42021640338319,0,7.078944106372044
481,OCCCNc1cncc(-c2cncc(Nc3cccc(Cl)c3)n2)c1,7.070581074285707,0,6.770115105867553
482,OCCCNc1cncc(-c2cncc(Nc3cccc(Cl)c3)n2)n1,6.302770657240282,0,6.388541180217403
483,OCCCNc1cnccc1-c1cncc(Nc2cccc(Cl)c2)n1,6.118045028660399,0,6.367329799324749
484,OCCn1cc(-c2cnc3ccc(N(CC4CC4)c4ccccc4)cc3n2)cn1,6.638102255904119,0,6.553491371884203
485,Oc1nnc(-c2c[nH]c(-c3ccccc3)c2-c2ccccc2)c2cn(-c3ccc(Cl)cc3)nc12,5.462055040708513,0,5.654110563432438
486,S=C(NNc1nncc2ccccc12)Nc1ccccc1,8.142667503568731,0,7.533511560732751
487,c1cc(-c2cnn3cc(-c4ccc(N5CCNCC5)cc4)cnc23)c2cccnc2c1,5.69015699528393,0,6.06675387032695
488,c1cc2c(ncc3[nH]nc(C4CCCCC4)c32)[nH]1,7.040958607678906,0,6.634561742260914
489,c1cc2c(ncc3cnc(C4CCCCC4)n32)[nH]1,6.040481623027002,0,6.058512228720644
490,c1cc2c(ncc3ncn(C4CCCCC4)c32)[nH]1,5.431680914904888,0,5.796914934181832
491,c1ccc(-c2ccc(Nc3nnc(-c4cccnc4CCc4ccncc4)o3)cc2)cc1,5.579879151914297,0,5.900620428372954
492,c1ccc(-n2cnc3cc(-c4ccc(NCCN5CCOCC5)nc4)ccc32)cc1,7.275724130399211,0,7.083050973906534
493,c1ccc(COc2cccc(-c3nc4sccn4c3-c3ccncn3)c2)cc1,6.148130399270234,0,6.259826835611057
494,c1ccc(Nc2ncc3c(n2)-c2cccnc2SC3)cc1,6.251037138743839,0,6.393322071163411
495,c1ccc(Oc2ccc(Nc3ncnc4ccccc34)cc2)cc1,5.565271458220242,0,5.964118756459644
496,c1ccc2c(c1)c(-c1cncc(-c3ccsc3)c1)cn2CCCN1CCCCC1,7.4089353929735005,0,7.201163427231785
497,c1ccc2c(c1)c(-c1cncc(-c3ccsc3)c1)cn2CCN1CCCCC1,6.950781977329818,0,7.010866114046962
498,c1ccc2c(c1)c(-c1cncc(-c3ccsc3)c1)cn2CCN1CCOCC1,7.214670164989233,0,7.062417584891452
499,c1cnc(CCc2ccncc2)c(-c2nnc(NCc3ccc4c(c3)OCO4)o2)c1,6.800804279885263,0,6.771675527604746
